doi,url
10.1016/j.jconrel.2026.114870,https://linkinghub.elsevier.com/retrieve/pii/S0168365926002725
10.3390/membranes16030089,https://www.mdpi.com/2077-0375/16/3/89
10.2147/IJN.S577606,https://www.dovepress.com/intraperitoneal-co-delivery-of-claudin18241bb-and-epcamcd3-bispecific--peer-reviewed-fulltext-article-IJN
10.1177/10430342251412392,https://journals.sagepub.com/doi/10.1177/10430342251412392
10.1016/j.vaccine.2026.128515,https://linkinghub.elsevier.com/retrieve/pii/S0264410X26003233
10.1002/advs.202521507,https://advanced.onlinelibrary.wiley.com/doi/10.1002/advs.202521507
10.1039/d6tb00052e,https://pubs.rsc.org/en/content/articlelanding/2026/tb/d6tb00052e
10.1021/jacs.6c00080,https://pubs.acs.org/doi/10.1021/jacs.6c00080
10.1021/acs.langmuir.5c06286,https://pubs.acs.org/doi/10.1021/acs.langmuir.5c06286
10.1016/j.biomaterials.2026.124145,https://linkinghub.elsevier.com/retrieve/pii/S0142961226001699
10.1038/s41565-025-02102-z,https://www.nature.com/articles/s41565-025-02102-z
10.1038/s41551-026-01640-8,https://www.nature.com/articles/s41551-026-01640-8
10.1002/smll.202511946,https://onlinelibrary.wiley.com/doi/10.1002/smll.202511946
10.64898/2026.03.02.708638,https://www.biorxiv.org/lookup/doi/10.64898/2026.03.02.708638
10.1038/s41563-026-02512-x,https://www.nature.com/articles/s41563-026-02512-x
10.1073/pnas.2519819123,https://pnas.org/doi/10.1073/pnas.2519819123
10.1016/j.jconrel.2026.114825,https://linkinghub.elsevier.com/retrieve/pii/S0168365926002270
10.1021/acs.nanolett.5c06525,https://pubs.acs.org/doi/10.1021/acs.nanolett.5c06525
10.1016/j.biomaterials.2026.124093,https://linkinghub.elsevier.com/retrieve/pii/S0142961226001171
10.1002/smll.202509742,https://onlinelibrary.wiley.com/doi/10.1002/smll.202509742
10.1038/s41587-026-03022-6,https://www.nature.com/articles/s41587-026-03022-6
10.1038/s41596-025-01325-7,https://www.nature.com/articles/s41596-025-01325-7
10.1021/acsnano.5c16693,https://pubs.acs.org/doi/10.1021/acsnano.5c16693
10.1016/j.jconrel.2026.114784,https://linkinghub.elsevier.com/retrieve/pii/S0168365926001860
10.1021/jacs.5c20438,https://pubs.acs.org/doi/10.1021/jacs.5c20438
10.1093/bib/bbag092,https://academic.oup.com/bib/article/doi/10.1093/bib/bbag092/8503315
10.1080/10717544.2026.2637266,https://www.tandfonline.com/doi/full/10.1080/10717544.2026.2637266
10.1016/j.ejpb.2026.115034,https://linkinghub.elsevier.com/retrieve/pii/S093964112600055X
10.1021/jacs.5c22504,https://pubs.acs.org/doi/10.1021/jacs.5c22504
10.3390/pharmaceutics18020164,https://www.mdpi.com/1999-4923/18/2/164
10.3390/nano16040268,https://www.mdpi.com/2079-4991/16/4/268
10.1016/j.cell.2026.01.012,https://linkinghub.elsevier.com/retrieve/pii/S0092867426000991
10.1016/j.bioactmat.2026.02.018,https://linkinghub.elsevier.com/retrieve/pii/S2452199X26000794
10.1021/jacs.6c01708,https://pubs.acs.org/doi/10.1021/jacs.6c01708
10.1021/jacs.5c16886,https://pubs.acs.org/doi/10.1021/jacs.5c16886
10.1021/acs.jmedchem.6c00448,https://pubs.acs.org/doi/10.1021/acs.jmedchem.6c00448
10.1016/j.jconrel.2026.114742,https://linkinghub.elsevier.com/retrieve/pii/S0168365926001446
10.1021/jacs.5c23209,https://pubs.acs.org/doi/10.1021/jacs.5c23209
10.1002/adma.202515130,https://advanced.onlinelibrary.wiley.com/doi/10.1002/adma.202515130
10.1021/acsbiomaterials.5c01698,https://pubs.acs.org/doi/10.1021/acsbiomaterials.5c01698
10.1007/s13346-026-02076-y,https://link.springer.com/article/10.1007/s13346-026-02076-y
10.1016/j.omton.2026.201133,https://linkinghub.elsevier.com/retrieve/pii/S2950329926000093
10.1021/acsnano.5c19036,https://pubs.acs.org/doi/10.1021/acsnano.5c19036
10.1021/jacs.5c16971,https://pubs.acs.org/doi/10.1021/jacs.5c16971
10.1002/advs.202509855,https://advanced.onlinelibrary.wiley.com/doi/10.1002/advs.202509855
10.1016/j.jconrel.2026.114709,https://linkinghub.elsevier.com/retrieve/pii/S0168365926001112
10.1039/d5ay01758k,https://pubs.rsc.org/en/content/articlelanding/2026/ay/d5ay01758k
10.3389/fbioe.2025.1669104,https://www.frontiersin.org/journals/bioengineering-and-biotechnology/articles/10.3389/fbioe.2025.1669104/full
10.1002/adma.202522552,https://advanced.onlinelibrary.wiley.com/doi/10.1002/adma.202522552
10.1039/d5fo05461c,https://pubs.rsc.org/en/content/articlelanding/2026/fo/d5fo05461c
10.1021/acs.jcim.5c02871,https://pubs.acs.org/doi/10.1021/acs.jcim.5c02871
10.1021/acs.molpharmaceut.5c00950,https://pubs.acs.org/doi/10.1021/acs.molpharmaceut.5c00950
10.1021/acs.molpharmaceut.5c01780,https://pubs.acs.org/doi/10.1021/acs.molpharmaceut.5c01780
10.1016/j.mtbio.2025.102289,https://linkinghub.elsevier.com/retrieve/pii/S2590006425008592
10.1016/j.mtbio.2026.102774,https://linkinghub.elsevier.com/retrieve/pii/S2590006426000165
10.1016/j.bioorg.2026.109526,https://linkinghub.elsevier.com/retrieve/pii/S0045206826000623
10.1038/s41467-026-69017-8,https://www.nature.com/articles/s41467-026-69017-8
10.1007/s13346-025-02036-y,https://link.springer.com/article/10.1007/s13346-025-02036-y
10.1016/j.jcis.2026.139966,https://linkinghub.elsevier.com/retrieve/pii/S0021979726001438
10.1039/d5tb02579f,https://pubs.rsc.org/en/content/articlelanding/2026/tb/d5tb02579f
10.1016/j.bioactmat.2026.01.007,https://linkinghub.elsevier.com/retrieve/pii/S2452199X26000071
10.1021/acsnano.5c19138,https://pubs.acs.org/doi/10.1021/acsnano.5c19138
10.1016/j.omtm.2025.101578,https://linkinghub.elsevier.com/retrieve/pii/S2329050125001731
10.1016/j.jconrel.2026.114640,https://linkinghub.elsevier.com/retrieve/pii/S0168365926000416
10.1002/smll.202511381,https://onlinelibrary.wiley.com/doi/10.1002/smll.202511381
10.1002/anie.202519216,https://onlinelibrary.wiley.com/doi/10.1002/anie.202519216
10.1021/acs.langmuir.5c05504,https://pubs.acs.org/doi/10.1021/acs.langmuir.5c05504
10.1002/smsc.202500506,https://onlinelibrary.wiley.com/doi/10.1002/smsc.202500506
10.1002/anie.202523579,https://onlinelibrary.wiley.com/doi/10.1002/anie.202523579
10.1002/adma.202519473,https://advanced.onlinelibrary.wiley.com/doi/10.1002/adma.202519473
10.1016/j.colsurfb.2025.115402,https://linkinghub.elsevier.com/retrieve/pii/S0927776525009099
10.1021/acsnano.5c11352,https://pubs.acs.org/doi/10.1021/acsnano.5c11352
10.1016/j.omtn.2025.102699,https://linkinghub.elsevier.com/retrieve/pii/S2162253125002537
10.1016/j.omtn.2025.102735,https://linkinghub.elsevier.com/retrieve/pii/S2162253125002896
10.3390/ijms262411960,https://www.mdpi.com/1422-0067/26/24/11960
10.1016/j.virusres.2025.199682,https://linkinghub.elsevier.com/retrieve/pii/S0168170225001601
10.1002/adhm.202503238,https://advanced.onlinelibrary.wiley.com/doi/10.1002/adhm.202503238
10.1016/j.jconrel.2025.114569,https://linkinghub.elsevier.com/retrieve/pii/S0168365925011836
10.3390/nano15241844,https://www.mdpi.com/2079-4991/15/24/1844
10.1002/adhm.202504363,https://advanced.onlinelibrary.wiley.com/doi/10.1002/adhm.202504363
10.1038/s41541-025-01349-w,https://www.nature.com/articles/s41541-025-01349-w
10.1016/j.retram.2025.103563,https://linkinghub.elsevier.com/retrieve/pii/S2452318625000728
10.1016/j.bbrc.2025.153155,https://linkinghub.elsevier.com/retrieve/pii/S0006291X25018716
10.1016/j.vaccine.2025.128136,https://linkinghub.elsevier.com/retrieve/pii/S0264410X25014343
10.1021/acsnano.5c17445,https://pubs.acs.org/doi/10.1021/acsnano.5c17445
10.1038/s41551-025-01577-4,https://www.nature.com/articles/s41551-025-01577-4
10.1021/acs.jctc.5c01207,https://pubs.acs.org/doi/10.1021/acs.jctc.5c01207
10.1186/s12951-025-03895-w,https://link.springer.com/article/10.1186/s12951-025-03895-w
10.1039/d5ob01888a,https://pubs.rsc.org/en/content/articlelanding/2026/ob/d5ob01888a
10.1016/j.omtn.2025.102773,https://linkinghub.elsevier.com/retrieve/pii/S2162253125003270
10.1038/s41467-025-66087-y,https://www.nature.com/articles/s41467-025-66087-y
10.1016/j.omtn.2025.102697,https://linkinghub.elsevier.com/retrieve/pii/S2162253125002513
10.1002/adma.202509471,https://advanced.onlinelibrary.wiley.com/doi/10.1002/adma.202509471
10.1038/s41467-025-67331-1,https://www.nature.com/articles/s41467-025-67331-1
10.3389/fimmu.2025.1693674,https://www.frontiersin.org/journals/immunology/articles/10.3389/fimmu.2025.1693674/full
10.1021/jacs.5c16121,https://pubs.acs.org/doi/10.1021/jacs.5c16121
10.1007/s00204-025-04252-4,https://link.springer.com/article/10.1007/s00204-025-04252-4
10.1016/j.aca.2025.344852,https://linkinghub.elsevier.com/retrieve/pii/S0003267025012462
10.1038/s41467-025-65874-x,https://www.nature.com/articles/s41467-025-65874-x
10.1016/j.jconrel.2025.114499,https://linkinghub.elsevier.com/retrieve/pii/S0168365925011137
10.1016/j.jconrel.2025.114482,https://linkinghub.elsevier.com/retrieve/pii/S016836592501096X
10.1002/smll.202510395,https://onlinelibrary.wiley.com/doi/10.1002/smll.202510395
10.1002/adma.202517893,https://advanced.onlinelibrary.wiley.com/doi/10.1002/adma.202517893
10.3390/nu17223572,https://www.mdpi.com/2072-6643/17/22/3572
10.3390/pharmaceutics17111410,https://www.mdpi.com/1999-4923/17/11/1410
10.1186/s12951-025-03844-7,https://link.springer.com/article/10.1186/s12951-025-03844-7
10.1021/acs.jmedchem.5c02209,https://pubs.acs.org/doi/10.1021/acs.jmedchem.5c02209
10.1101/2025.10.30.685635,https://www.biorxiv.org/lookup/doi/10.1101/2025.10.30.685635
10.1016/j.ejps.2025.107386,https://linkinghub.elsevier.com/retrieve/pii/S0928098725003835
10.1002/advs.202512535,https://advanced.onlinelibrary.wiley.com/doi/10.1002/advs.202512535
10.1021/acsnano.5c12080,https://pubs.acs.org/doi/10.1021/acsnano.5c12080
10.1016/j.bioactmat.2025.09.007,https://linkinghub.elsevier.com/retrieve/pii/S2452199X2500413X
10.1021/jacs.5c10972,https://pubs.acs.org/doi/10.1021/jacs.5c10972
10.1021/jacs.5c19387,https://pubs.acs.org/doi/10.1021/jacs.5c19387
10.1016/j.jconrel.2025.114414,https://linkinghub.elsevier.com/retrieve/pii/S0168365925010284
10.1080/17435889.2025.2587715,https://www.tandfonline.com/doi/full/10.1080/17435889.2025.2587715
10.1002/adma.202512235,https://advanced.onlinelibrary.wiley.com/doi/10.1002/adma.202512235
10.1021/acsami.5c16272,https://pubs.acs.org/doi/10.1021/acsami.5c16272
10.1039/d5pm00166h,https://pubs.rsc.org/en/content/articlelanding/2026/pm/d5pm00166h
10.1016/j.drudis.2025.104532,https://linkinghub.elsevier.com/retrieve/pii/S1359644625002454
10.1021/acs.langmuir.5c04076,https://pubs.acs.org/doi/10.1021/acs.langmuir.5c04076
10.1016/j.jcis.2025.139420,https://linkinghub.elsevier.com/retrieve/pii/S0021979725028127
10.1002/adhm.202503748,https://advanced.onlinelibrary.wiley.com/doi/10.1002/adhm.202503748
10.1021/jacs.5c14194,https://pubs.acs.org/doi/10.1021/jacs.5c14194
10.1016/j.copbio.2025.103383,https://linkinghub.elsevier.com/retrieve/pii/S0958166925001272
10.1038/s41565-025-02044-6,https://www.nature.com/articles/s41565-025-02044-6
10.1016/j.jconrel.2025.114385,https://linkinghub.elsevier.com/retrieve/pii/S016836592500999X
10.1248/cpb.c25-00477,https://www.jstage.jst.go.jp/article/cpb/73/11/73_c25-00477/_article
10.1021/acs.molpharmaceut.5c00348,https://pubs.acs.org/doi/10.1021/acs.molpharmaceut.5c00348
10.1016/j.mattod.2025.10.005,https://linkinghub.elsevier.com/retrieve/pii/S1369702125004250
10.1038/s41598-025-21880-z,https://www.nature.com/articles/s41598-025-21880-z
10.1038/s41565-025-02045-5,https://www.nature.com/articles/s41565-025-02045-5
10.1021/jacs.5c13982,https://pubs.acs.org/doi/10.1021/jacs.5c13982
10.3390/pharmaceutics17101309,https://www.mdpi.com/1999-4923/17/10/1309
10.1002/adhm.202502225,https://advanced.onlinelibrary.wiley.com/doi/10.1002/adhm.202502225
10.1016/j.ijpharm.2025.126278,https://linkinghub.elsevier.com/retrieve/pii/S0378517325011159
10.1016/j.jtcvs.2025.10.021,https://linkinghub.elsevier.com/retrieve/pii/S0022522325008967
10.1016/j.omtm.2025.101596,https://linkinghub.elsevier.com/retrieve/pii/S2329050125001913
10.1021/acs.nanolett.5c03826,https://pubs.acs.org/doi/10.1021/acs.nanolett.5c03826
10.1038/s41598-025-20340-y,https://www.nature.com/articles/s41598-025-20340-y
10.1002/anie.202515406,https://onlinelibrary.wiley.com/doi/10.1002/anie.202515406
10.1021/acsnanoscienceau.5c00042,https://pubs.acs.org/doi/10.1021/acsnanoscienceau.5c00042
10.1016/j.molmed.2025.10.002,https://linkinghub.elsevier.com/retrieve/pii/S1471491425002400
10.1038/s42004-025-01699-5,https://www.nature.com/articles/s42004-025-01699-5
10.1016/j.ijpharm.2025.126281,https://linkinghub.elsevier.com/retrieve/pii/S0378517325011184
10.1039/d5cc04692k,https://pubs.rsc.org/en/content/articlelanding/2025/cc/d5cc04692k
10.2147/IJN.S541061,https://www.dovepress.com/advancing-cancer-immunotherapy-using-lipid-nanoparticle-based-approach-peer-reviewed-fulltext-article-IJN
10.1016/j.jconrel.2025.114305,https://linkinghub.elsevier.com/retrieve/pii/S0168365925009186
10.1021/jacs.5c14870,https://pubs.acs.org/doi/10.1021/jacs.5c14870
10.1016/j.ijpharm.2025.126263,https://linkinghub.elsevier.com/retrieve/pii/S0378517325011007
10.1016/j.biomaterials.2025.123754,https://linkinghub.elsevier.com/retrieve/pii/S0142961225006738
10.1039/d5nr01452b,https://pubs.rsc.org/en/content/articlelanding/2025/nr/d5nr01452b
10.1039/d5sm00666j,https://pubs.rsc.org/en/content/articlelanding/2025/sm/d5sm00666j
10.1021/jacs.5c10908,https://pubs.acs.org/doi/10.1021/jacs.5c10908
10.1126/sciadv.ady6460,https://www.science.org/doi/10.1126/sciadv.ady6460
10.1021/acs.accounts.5c00522,https://pubs.acs.org/doi/10.1021/acs.accounts.5c00522
10.1002/adma.202513720,https://advanced.onlinelibrary.wiley.com/doi/10.1002/adma.202513720
10.1016/j.ijbiomac.2025.148058,https://linkinghub.elsevier.com/retrieve/pii/S0141813025086155
10.7150/thno.118976,https://www.thno.org/v15p9643.htm
10.1038/s41541-025-01263-1,https://www.nature.com/articles/s41541-025-01263-1
10.1016/j.omtm.2025.101585,https://linkinghub.elsevier.com/retrieve/pii/S2329050125001809
10.1016/j.jconrel.2025.114267,https://linkinghub.elsevier.com/retrieve/pii/S016836592500879X
10.3390/pharmaceutics17091194,https://www.mdpi.com/1999-4923/17/9/1194
10.1101/2025.09.15.676190,https://www.biorxiv.org/lookup/doi/10.1101/2025.09.15.676190
10.1038/s41467-025-63651-4,https://www.nature.com/articles/s41467-025-63651-4
10.1016/j.jconrel.2025.114258,https://linkinghub.elsevier.com/retrieve/pii/S0168365925008703
10.1021/acs.nanolett.5c03793,https://pubs.acs.org/doi/10.1021/acs.nanolett.5c03793
10.1016/j.biomaterials.2025.123698,https://linkinghub.elsevier.com/retrieve/pii/S0142961225006179
10.1002/smll.202506812,https://onlinelibrary.wiley.com/doi/10.1002/smll.202506812
10.1016/j.ijpharm.2025.126183,https://linkinghub.elsevier.com/retrieve/pii/S0378517325010208
10.1016/j.jcis.2025.139025,https://linkinghub.elsevier.com/retrieve/pii/S0021979725024178
10.1021/acs.bioconjchem.5c00303,https://pubs.acs.org/doi/10.1021/acs.bioconjchem.5c00303
10.1021/jacs.5c08376,https://pubs.acs.org/doi/10.1021/jacs.5c08376
10.1021/acs.jpcb.5c04980,https://pubs.acs.org/doi/10.1021/acs.jpcb.5c04980
10.1016/j.jconrel.2025.114147,https://linkinghub.elsevier.com/retrieve/pii/S0168365925007588
10.1002/adma.202504830,https://advanced.onlinelibrary.wiley.com/doi/10.1002/adma.202504830
10.1016/j.virs.2025.09.001,https://linkinghub.elsevier.com/retrieve/pii/S1995820X25001270
10.1080/17435889.2025.2555507,https://www.tandfonline.com/doi/full/10.1080/17435889.2025.2555507
10.1039/d5tb00470e,https://pubs.rsc.org/en/content/articlelanding/2025/tb/d5tb00470e
10.1002/adhm.202502455,https://advanced.onlinelibrary.wiley.com/doi/10.1002/adhm.202502455
10.1186/s12951-025-03681-8,https://link.springer.com/article/10.1186/s12951-025-03681-8
10.1038/s41563-025-02320-9,https://www.nature.com/articles/s41563-025-02320-9
10.1007/s13346-025-01961-2,https://link.springer.com/article/10.1007/s13346-025-01961-2
10.3390/vaccines13080855,https://www.mdpi.com/2076-393X/13/8/855
10.3390/pharmaceutics17080950,https://www.mdpi.com/1999-4923/17/8/950
10.1007/978-1-0716-4742-4_16,https://link.springer.com/protocol/10.1007/978-1-0716-4742-4_16
10.1007/978-1-0716-4742-4_4,https://link.springer.com/protocol/10.1007/978-1-0716-4742-4_4
10.1007/978-1-0716-4742-4_1,https://link.springer.com/protocol/10.1007/978-1-0716-4742-4_1
10.1039/d5tb01217a,https://pubs.rsc.org/en/content/articlelanding/2025/tb/d5tb01217a
10.1021/jacs.5c08715,https://pubs.acs.org/doi/10.1021/jacs.5c08715
10.1016/j.colsurfb.2025.115058,https://linkinghub.elsevier.com/retrieve/pii/S092777652500565X
10.1016/j.jconrel.2025.114141,https://linkinghub.elsevier.com/retrieve/pii/S0168365925007527
10.1021/acsnano.5c07748,https://pubs.acs.org/doi/10.1021/acsnano.5c07748
10.1038/s41467-025-63037-6,https://www.nature.com/articles/s41467-025-63037-6
10.1016/j.jconrel.2025.114126,https://linkinghub.elsevier.com/retrieve/pii/S0168365925007370
10.1038/s41565-025-01975-4,https://www.nature.com/articles/s41565-025-01975-4
10.1021/jacs.5c07897,https://pubs.acs.org/doi/10.1021/jacs.5c07897
10.1126/sciadv.adw0730,https://www.science.org/doi/10.1126/sciadv.adw0730
10.1039/d5bm00839e,https://pubs.rsc.org/en/content/articlelanding/2025/bm/d5bm00839e
10.1186/s12967-025-06924-2,https://link.springer.com/article/10.1186/s12967-025-06924-2
10.1038/s41565-025-01974-5,https://www.nature.com/articles/s41565-025-01974-5
10.1016/j.ejpb.2025.114819,https://linkinghub.elsevier.com/retrieve/pii/S0939641125001961
10.1101/2025.07.22.666181,https://www.biorxiv.org/lookup/doi/10.1101/2025.07.22.666181
10.1002/advs.202509208,https://advanced.onlinelibrary.wiley.com/doi/10.1002/advs.202509208
10.1101/2025.07.31.667476,https://www.biorxiv.org/lookup/doi/10.1101/2025.07.31.667476
10.1021/acsnano.5c07140,https://pubs.acs.org/doi/10.1021/acsnano.5c07140
10.1161/CIRCRESAHA.125.326716,https://www.ahajournals.org/doi/10.1161/CIRCRESAHA.125.326716
10.2147/IJN.S527822,https://www.dovepress.com/lipid-nanoparticles-formulated-with-a-novel-cholesterol-tailed-ionizab-peer-reviewed-fulltext-article-IJN
10.1016/j.biomaterials.2025.123589,https://linkinghub.elsevier.com/retrieve/pii/S0142961225005083
10.1038/s41563-025-02284-w,https://www.nature.com/articles/s41563-025-02284-w
10.1021/jacs.5c08345,https://pubs.acs.org/doi/10.1021/jacs.5c08345
10.1038/s41551-025-01486-6,https://www.nature.com/articles/s41551-025-01486-6
10.1016/j.mtbio.2025.102107,https://linkinghub.elsevier.com/retrieve/pii/S2590006425006775
10.1021/cbe.5c00031,https://pubs.acs.org/doi/10.1021/cbe.5c00031
10.3390/pharmaceutics17070803,https://www.mdpi.com/1999-4923/17/7/803
10.1021/acs.molpharmaceut.5c00272,https://pubs.acs.org/doi/10.1021/acs.molpharmaceut.5c00272
10.1002/smll.202503034,https://onlinelibrary.wiley.com/doi/10.1002/smll.202503034
10.1016/j.ymthe.2025.07.031,https://linkinghub.elsevier.com/retrieve/pii/S1525001625005672
10.1016/j.ijbiomac.2025.146217,https://linkinghub.elsevier.com/retrieve/pii/S0141813025067741
10.1016/j.jconrel.2025.114061,https://linkinghub.elsevier.com/retrieve/pii/S0168365925006832
10.1016/j.jconrel.2025.114055,https://linkinghub.elsevier.com/retrieve/pii/S0168365925006777
10.1021/acsnano.5c10648,https://pubs.acs.org/doi/10.1021/acsnano.5c10648
10.1182/blood.2025028597,https://ashpublications.org/blood/article/146/19/2322/546316/A-BCMA-mRNA-vaccine-is-a-promising-therapeutic-for
10.1016/j.jconrel.2025.114056,https://linkinghub.elsevier.com/retrieve/pii/S0168365925006789
10.1021/jacs.5c05367,https://pubs.acs.org/doi/10.1021/jacs.5c05367
10.1021/jacs.5c09030,https://pubs.acs.org/doi/10.1021/jacs.5c09030
10.1038/s41551-025-01422-8,https://www.nature.com/articles/s41551-025-01422-8
10.1039/d5md00084j,https://pubs.rsc.org/en/content/articlelanding/2025/md/d5md00084j
10.1186/s40580-025-00502-4,https://link.springer.com/article/10.1186/s40580-025-00502-4
10.1038/s41467-025-61688-z,https://www.nature.com/articles/s41467-025-61688-z
10.1016/j.jconrel.2025.114027,https://linkinghub.elsevier.com/retrieve/pii/S0168365925006480
10.1016/j.bioactmat.2025.06.009,https://linkinghub.elsevier.com/retrieve/pii/S2452199X25002385
10.1016/j.apsb.2025.04.003,https://linkinghub.elsevier.com/retrieve/pii/S2211383525002242
10.1126/sciadv.adj0006,https://www.science.org/doi/10.1126/sciadv.adj0006
10.1021/acsbiomaterials.5c00463,https://pubs.acs.org/doi/10.1021/acsbiomaterials.5c00463
10.1021/acs.molpharmaceut.5c00403,https://pubs.acs.org/doi/10.1021/acs.molpharmaceut.5c00403
10.1016/j.jconrel.2025.114018,https://linkinghub.elsevier.com/retrieve/pii/S016836592500639X
10.1007/s11095-025-03890-8,https://link.springer.com/article/10.1007/s11095-025-03890-8
10.1039/d5bm00738k,https://pubs.rsc.org/en/content/articlelanding/2025/bm/d5bm00738k
10.1016/j.ijpharm.2025.125941,https://linkinghub.elsevier.com/retrieve/pii/S0378517325007781
10.1016/j.jcis.2025.138290,https://linkinghub.elsevier.com/retrieve/pii/S0021979725016819